kmeans_constrained,x_min,x_max,y_min,y_max,x_diff,y_diff
0,-13624424.349879935,-13624093.897014925,4548825.084218527,4549468.654095364,330.4528650101274,643.5698768366128
1,-13633200.53271023,-13632835.872322287,4545621.953371454,4546075.687241614,364.66038794256747,453.7338701598346
10,-13626589.446263202,-13626247.138829011,4549629.373436406,4549852.740226145,342.30743419006467,223.36678973864764
100,-13635222.64012854,-13634849.348195927,4548240.513412406,4548702.248948288,373.29193261265755,461.7355358824134
101,-13628118.563302573,-13627634.371707257,4549092.492923446,4549494.766868991,484.1915953159332,402.27394554484636
102,-13624435.402984403,-13623964.187579876,4542578.604609287,4543414.368047631,471.21540452726185,835.7634383440018
103,-13627393.996750962,-13626950.76706642,4551431.9676298015,4551928.433900505,443.22968454286456,496.4662707038224
104,-13624942.997598521,-13624559.34610545,4540714.419347408,4541281.481031962,383.6514930706471,567.0616845535114
105,-13629830.836064171,-13629607.217471067,4547763.809450887,4548261.808881489,223.61859310418367,497.9994306014851
106,-13632362.659361422,-13631560.062196067,4538660.445737162,4539414.878530454,802.5971653554589,754.432793292217
107,-13624702.10171022,-13623991.048973003,4547320.660480164,4547694.67695624,711.0527372173965,374.0164760760963
108,-13629494.116868418,-13628829.242715443,4549428.041759801,4550181.603341216,664.8741529751569,753.5615814151242
109,-13637085.932975296,-13636596.879242381,4548248.271845276,4549143.200642531,489.0537329148501,894.9287972552702
11,-13628740.528443545,-13628206.0501724,4543042.749812383,4543400.304369061,534.4782711453736,357.55455667804927
110,-13627204.219283057,-13626791.880757209,4548306.019653808,4548769.645485734,412.3385258484632,463.6258319253102
111,-13627404.071164878,-13627028.22316811,4549293.437795844,4549599.426282679,375.8479967676103,305.98848683480173
112,-13637775.062469041,-13637297.67163474,4546911.139843491,4547715.281213489,477.39083430171013,804.141369998455
113,-13627576.970327802,-13627319.201185096,4544059.797290625,4544505.015571639,257.76914270594716,445.2182810138911
114,-13626327.366786027,-13626075.439646412,4550157.773160372,4550440.909309653,251.92713961564004,283.13614928070456
115,-13632215.488800097,-13631745.687153103,4548513.357864016,4548621.570866568,469.80164699442685,108.21300255227834
116,-13625392.962112257,-13624739.461041555,4548336.554632608,4548842.507478803,653.5010707024485,505.9528461955488
117,-13632293.830521123,-13632183.490508746,4544028.736130079,4544145.288565263,110.340012377128,116.55243518389761
118,-13634784.052466761,-13634314.7043125,4542925.238016244,4543204.238379067,469.34815426170826,279.000362822786
119,-13630973.568206945,-13630243.964958403,4552021.884825133,4552298.5659185015,729.6032485421747,276.6810933686793
12,-13629851.007155903,-13629566.686044468,4551213.061115292,4551330.39531301,284.32111143507063,117.33419771771878
120,-13628133.814954823,-13627859.334486375,4542813.490017011,4543232.977613862,274.4804684482515,419.48759685084224
121,-13631485.800669894,-13631096.917160759,4549269.308993808,4549483.869886422,388.88350913487375,214.56089261360466
122,-13635610.97817217,-13634941.747657422,4545717.928201381,4546253.753292638,669.230514748022,535.8250912567601
123,-13634045.737076024,-13633609.142033132,4548431.188283837,4548979.866328739,436.5950428918004,548.6780449012294
124,-13630719.097003607,-13630249.679247482,4548795.463334475,4549183.406037777,469.4177561253309,387.94270330201834
125,-13626133.568100449,-13625759.03625773,4547451.488659661,4548014.239412935,374.5318427179009,562.7507532741874
126,-13633278.16135713,-13632603.68212839,4546660.507145734,4547186.582956945,674.479228740558,526.0758112110198
127,-13630898.300925285,-13630432.49564801,4547437.570801668,4548022.110609684,465.80527727492154,584.5398080162704
128,-13625611.626988022,-13625170.5346377,4549635.754473241,4550006.847370611,441.09235032089055,371.0928973695263
129,-13628121.725658124,-13627697.94348862,4551709.615564581,4552115.921663534,423.78216950409114,406.30609895288944
13,-13627703.342483925,-13627461.534286026,4547657.960244382,4548072.461013915,241.80819789879024,414.50076953321695
130,-13637219.84537676,-13636474.332392868,4545085.180874885,4545209.208456509,745.512983892113,124.0275816237554
131,-13634052.459394064,-13633392.438994588,4545619.996147474,4546483.126693729,660.0203994754702,863.1305462550372
132,-13626301.885754583,-13625958.648125302,4548807.435626487,4549267.224313011,343.23762928135693,459.7886865241453
133,-13624910.893057374,-13624560.125341889,4549792.436214225,4550333.25496398,350.76771548576653,540.8187497546896
134,-13629220.345931264,-13628691.058061838,4548374.261202149,4548889.946220456,529.2878694254905,515.6850183065981
135,-13627962.817085015,-13627638.83283901,4549765.235429935,4549994.465185763,323.98424600437284,229.22975582815707
136,-13634234.445876818,-13633731.437625721,4539616.625489792,4539698.781869043,503.0082510970533,82.15637925080955
137,-13632428.699020814,-13632097.5680635,4548583.37294261,4549136.388176232,331.1309573147446,553.0152336219326
138,-13626115.035989288,-13625968.684254741,4552054.046815008,4552192.977619875,146.3517345469445,138.9308048672974
139,-13629176.867451606,-13628662.326501261,4545707.339385661,4546225.528101126,514.5409503448755,518.1887154644355
14,-13637655.740103712,-13637355.70735098,4545610.984473466,4546134.688318893,300.032752731815,523.7038454273716
140,-13628347.136495031,-13627882.310829272,4547157.206142007,4547580.981060114,464.8256657589227,423.7749181063846
141,-13625569.704067789,-13625190.171395877,4546271.574921781,4546712.663085756,379.53267191164196,441.0881639746949
142,-13629616.100766432,-13628843.298597448,4539048.261241071,4539434.555128199,772.8021689839661,386.29388712812215
143,-13636715.41223618,-13636335.311834866,4542525.817355238,4543067.849603882,380.10040131397545,542.0322486441582
144,-13634299.896874791,-13633888.554421213,4543832.851428299,4544209.251452074,411.34245357848704,376.4000237751752
145,-13630706.297067568,-13630655.056705954,4544814.918324577,4544872.138213766,51.24036161415279,57.21988918911666
146,-13632738.924177755,-13632365.737985378,4540630.056035332,4540862.409760709,373.1861923765391,232.35372537653893
147,-13626882.88444093,-13626496.082606273,4551100.031191526,4551571.218734964,386.8018346577883,471.1875434378162
148,-13627780.097272828,-13627328.752397405,4546055.456070382,4546488.997522404,451.3448754232377,433.54145202226937
149,-13631547.547676468,-13631139.71950497,4546594.668798557,4547032.728793497,407.8281714990735,438.059994940646
15,-13633445.869039422,-13632991.062824404,4548121.276491441,4548530.724263859,454.806215018034,409.4477724181488
150,-13631424.420439059,-13631264.555433836,4547670.063186042,4547902.856011805,159.86500522308052,232.7928257631138
151,-13625089.522782823,-13624445.889280433,4542051.9949615495,4542434.519481111,643.6335023902357,382.52451956178993
152,-13628121.781317867,-13627612.717286471,4545343.820042549,4545733.7410406405,509.0640313960612,389.92099809180945
153,-13632922.812844595,-13632464.822195577,4548485.262711113,4548717.193054054,457.99064901843667,231.93034294061363
154,-13631360.454923261,-13630461.616826802,4550841.319431963,4551601.990360269,898.8380964584649,760.6709283059463
155,-13626232.094770215,-13625915.061656024,4549699.128382545,4549980.237665048,317.0331141911447,281.10928250290453
156,-13627057.511326138,-13626619.847616138,4549750.689436437,4550396.027370416,437.66370999999344,645.3379339789972
157,-13630467.884114131,-13630217.348468155,4538946.240682663,4539199.056490464,250.53564597666264,252.81580780074
158,-13628537.21452556,-13627864.752768299,4541938.812956528,4542246.790171927,672.461757261306,307.9772153990343
159,-13637312.819415469,-13636974.630802438,4545611.886375425,4545776.84016622,338.1886130310595,164.953790795058
16,-13625587.748957247,-13625274.841000576,4550025.498152381,4550313.049890365,312.9079566709697,287.5517379846424
160,-13623573.47249571,-13623368.784151416,4541070.359897628,4541343.111330822,204.6883442942053,272.7514331936836
161,-13635831.75811826,-13635088.355426796,4544308.690807735,4545215.323347611,743.4026914648712,906.6325398767367
162,-13626573.560971865,-13626282.125998072,4549175.188889046,4549538.318228835,291.4349737931043,363.1293397890404
163,-13631958.107005434,-13631641.670220904,4551188.984215714,4551766.788825161,316.4367845300585,577.8046094467863
164,-13635728.253255723,-13635245.338172711,4547703.788118674,4547843.667920895,482.9150830116123,139.879802220501
165,-13629679.885482416,-13629370.64128923,4545459.505032711,4545718.885701205,309.2441931851208,259.3806684939191
166,-13627199.243301818,-13626821.712675933,4546955.564102991,4547444.781404841,377.5306258853525,489.21730185020715
167,-13625688.682339549,-13625361.102473991,4550319.350983518,4550580.454784993,327.5798655580729,261.1038014749065
168,-13632349.219396047,-13631992.371144699,4547310.3157439,4547791.037066247,356.8482513483614,480.72132234741
169,-13628044.982001169,-13627720.007011699,4543293.553361741,4543581.620189453,324.97498947009444,288.06682771164924
17,-13627376.07441477,-13626904.268915115,4544500.988909885,4544760.472427544,471.80549965426326,259.48351765889674
170,-13628532.839669572,-13628086.57096293,4549253.899268594,4549674.209811162,446.2687066420913,420.3105425685644
171,-13625974.695507245,-13625530.018669322,4548309.090048917,4548821.78831,444.6768379230052,512.6982610831037
172,-13634412.08436066,-13634051.01550297,4545780.046184873,4546315.5660195,361.0688576884568,535.519834626466
173,-13629202.637913726,-13628581.797981622,4550758.582510605,4550930.805586158,620.8399321045727,172.2230755528435
174,-13626919.219122726,-13626556.373242486,4545214.816460435,4545615.145331356,362.84588024020195,400.3288709204644
175,-13625752.278750127,-13625261.104175413,4545211.544351665,4545553.887251373,491.174574714154,342.3428997080773
176,-13627434.839872135,-13627078.149959732,4547729.181716293,4548042.997195368,356.6899124030024,313.8154790746048
177,-13634885.397731181,-13634446.698749915,4544684.8267936,4544763.457299968,438.69898126646876,78.63050636835396
178,-13629391.736332737,-13628803.412823895,4540960.071917479,4541373.32006011,588.3235088419169,413.24814263079315
179,-13632791.889991475,-13632360.693943888,4547977.577112418,4548044.476017926,431.1960475873202,66.8989055082202
18,-13631119.62633688,-13630691.26893631,4546303.033325487,4546576.2917205505,428.3574005700648,273.25839506369084
180,-13624782.615729941,-13624396.26305144,4544782.577399266,4545251.453202673,386.3526785019785,468.87580340728164
181,-13624047.220788058,-13623948.736434553,4546349.163583005,4547249.0406505,98.48435350507498,899.8770674951375
182,-13626208.981254445,-13625450.983263684,4541361.764484248,4541818.541811675,757.9979907609522,456.77732742670923
183,-13632003.926107844,-13631331.63390319,4546064.545192462,4546745.538196253,672.2922046538442,680.9930037902668
184,-13634392.764456626,-13633970.852454567,4544426.735293434,4544793.037038491,421.9120020586997,366.301745057106
185,-13624975.792320509,-13624485.875241527,4550436.612693784,4550873.087492121,489.917078981176,436.4747983375564
186,-13627519.253817283,-13627213.169370117,4548577.415093211,4548851.916333181,306.08444716595113,274.5012399693951
187,-13633625.094116164,-13632879.286923695,4539174.3318866035,4539858.593220456,745.8071924690157,684.261333852075
188,-13634876.514435817,-13634297.85609354,4548661.149246828,4548977.809876482,578.6583422757685,316.6606296543032
189,-13633166.246307062,-13632817.691300362,4548585.554316283,4548838.839952885,348.5550066996366,253.2856366019696
19,-13627015.32123913,-13626656.68323564,4549127.438966726,4549422.808883793,358.63800349086523,295.3699170667678
190,-13626968.170480566,-13626448.103905741,4543526.108479949,4543914.464524753,520.0665748249739,388.35604480467737
191,-13627770.323421538,-13627384.514071222,4550437.302969656,4551116.894733046,385.8093503154814,679.5917633902282
192,-13630755.778581223,-13630326.34138159,4549397.813468166,4549948.711802296,429.4371996317059,550.8983341306448
193,-13624712.9336069,-13624063.640412947,4548138.994341106,4548775.561190102,649.2931939531118,636.5668489960954
194,-13625226.539473519,-13624743.802501697,4549499.809653757,4549877.659224934,482.73697182163596,377.8495711768046
195,-13625143.884751607,-13624859.341001192,4549010.431454704,4549402.374210125,284.5437504146248,391.94275542069227
196,-13631009.598152181,-13630419.304288352,4540055.560281719,4540750.083226321,590.2938638292253,694.522944602184
197,-13629043.078121593,-13628834.593413264,4549080.1681679245,4549332.91716416,208.48470832966268,252.74899623543024
198,-13626652.464226939,-13626285.73329647,4550341.65089228,4550679.53627881,366.7309304680675,337.8853865303099
199,-13631046.901313547,-13630571.032754302,4548264.034204184,4548762.97482659,475.86855924502015,498.94062240608037
2,-13628694.77613283,-13628158.127131613,4545332.1896606255,4546019.615405859,536.6490012165159,687.4257452338934
20,-13626592.73018818,-13626432.062767118,4551020.644711145,4551296.844651768,160.6674210615456,276.1999406227842
200,-13630179.611160774,-13629690.86867521,4548741.2360665975,4549208.586728792,488.74248556420207,467.3506621941924
201,-13626729.797877192,-13626330.984669477,4548772.941377754,4549164.300760636,398.81320771574974,391.35938288178295
202,-13625981.608447623,-13625605.894034248,4550091.635446247,4550432.076596332,375.7144133746624,340.44115008506924
203,-13628115.912219204,-13627718.548726369,4543964.560775045,4544434.323949331,397.3634928353131,469.7631742861122
204,-13632980.281363124,-13632701.687808085,4542723.813670488,4543006.835058482,278.5935550387949,283.0213879942894
205,-13629378.589500874,-13628909.188604048,4551110.963609646,4551405.227848153,469.400896826759,294.26423850655556
206,-13625314.458396578,-13624546.78926689,4539918.397246034,4540360.15392637,767.6691296882927,441.7566803358495
207,-13629090.973332513,-13628561.359723112,4551956.49947124,4552215.661965155,529.6136094015092,259.1624939152971
208,-13626713.25580086,-13626329.904870417,4547096.692417682,4547465.051017008,383.3509304430336,368.358599325642
209,-13626147.441093056,-13625776.70266092,4549340.230646644,4549659.046228262,370.73843213543296,318.8155816178769
21,-13626024.243812596,-13625853.10122745,4540907.532124955,4541320.440385993,171.1425851471722,412.90826103743166
210,-13624981.224711658,-13624571.546721643,4547468.962311695,4547891.482374579,409.67799001559615,422.5200628833845
211,-13634768.679245083,-13634405.610725863,4547815.415949253,4548509.199660674,363.0685192197561,693.7837114203721
212,-13630096.077014884,-13629969.11097907,4540926.673299173,4541151.908447572,126.96603581309319,225.23514839913696
213,-13624396.541350165,-13624154.098631168,4544930.724159228,4545464.137528037,242.4427189975977,533.4133688090369
214,-13630718.987489516,-13630381.867543597,4546913.111932706,4547180.5345620625,337.1199459191412,267.4226293563843
215,-13625981.223787634,-13625347.81092679,4542321.469858499,4542823.301658589,633.4128608442843,501.83180009014904
216,-13634219.863023525,-13633657.08733782,4547419.642897842,4547989.4415480625,562.7756857052445,569.7986502200365
217,-13632419.181204353,-13631903.03725334,4540223.624144739,4540659.225370478,516.1439510118216,435.60122573934495
218,-13625487.301246794,-13625028.092491044,4548074.405117181,4548381.844376182,459.2087557502091,307.43925900105387
219,-13633074.251879875,-13632653.119114252,4542039.2863053465,4542065.101553063,421.13276562280953,25.815247716382146
22,-13634477.45632522,-13633923.43035149,4540112.444431102,4540291.3176903855,554.0259737297893,178.87325928360224
220,-13626522.042311527,-13625902.70519255,4542748.876998322,4543211.368641914,619.3371189776808,462.49164359178394
221,-13627087.133442638,-13626722.528714444,4549468.1725584585,4549756.20608121,364.60472819395363,288.0335227511823
222,-13626167.523129197,-13625909.101005282,4549872.10914316,4550101.82020424,258.4221239145845,229.7110610799864
223,-13629414.107239788,-13629023.357873801,4544177.17155639,4544396.086435818,390.74936598725617,218.91487942822278
224,-13628131.443849668,-13627555.192939602,4548429.6389836185,4548984.744306191,576.2509100660682,555.1053225724027
225,-13628652.118503956,-13628173.611672783,4547737.63187904,4548368.455893847,478.5068311728537,630.82401480712
226,-13629432.53492611,-13629213.200063955,4540617.012823943,4540949.457880027,219.3348621558398,332.44505608361214
227,-13627849.10422517,-13627468.522927096,4544410.468840028,4544762.52804714,380.5812980737537,352.05920711159706
228,-13623578.988745881,-13623351.544572437,4542500.182630392,4542762.7173221735,227.44417344406247,262.5346917817369
229,-13632707.25340446,-13632093.217411302,4545883.196790871,4546405.254119933,614.0359931588173,522.0573290614411
23,-13636917.880126033,-13636170.45880095,4547202.664324041,4547817.683427698,747.421325083822,615.0191036565229
230,-13627655.41944314,-13627236.724574367,4547051.159602881,4547544.998039343,418.69486877322197,493.8384364619851
231,-13636815.419208435,-13636071.929131597,4545699.946934261,4545900.124867283,743.4900768380612,200.17793302144855
232,-13627429.59658441,-13626918.575251745,4539826.847733896,4540281.024041512,511.02133266441524,454.17630761582404
233,-13634411.154436504,-13633936.454731913,4541047.194834156,4541484.470997691,474.69970459118485,437.2761635351926
234,-13629773.718033446,-13629152.577538716,4546827.645080241,4547529.238782905,621.1404947303236,701.5937026636675
235,-13632167.610287108,-13631782.634092096,4549220.164163681,4549882.209167276,384.9761950112879,662.0450035948306
236,-13626178.543758783,-13625602.632373165,4551280.473912784,4551887.085036072,575.9113856181502,606.6111232880503
237,-13625743.354762005,-13625259.985414531,4548802.505857521,4549234.27796045,483.36934747360647,431.77210292965174
238,-13627692.555625265,-13627344.103355188,4544911.8290646365,4545237.827486829,348.45227007754147,325.99842219240963
239,-13626297.132412326,-13626093.907549934,4550458.602933365,4550674.831024462,203.22486239112914,216.22809109743685
24,-13627467.679121915,-13627016.63480912,4546540.0023675095,4547028.926476824,451.04431279562414,488.92410931456834
240,-13634872.618253637,-13634467.927376807,4540313.708729151,4540557.39558284,404.69087683036923,243.68685368914157
241,-13627613.129168587,-13627221.240033196,4549658.545934757,4550366.359754122,391.8891353905201,707.8138193646446
242,-13626380.839333653,-13626180.843343178,4540536.00681943,4540957.890377829,199.9959904756397,421.883558399044
243,-13625833.353149783,-13625565.841281459,4549511.726411824,4549809.382155649,267.5118683241308,297.6557438252494
244,-13626966.485378519,-13626379.0746895,4550567.625057173,4551044.34084295,587.4106890186667,476.7157857771963
245,-13626496.093738222,-13626140.175412824,4547763.630256106,4548119.3967461,355.9183253981173,355.76648999378085
246,-13626248.71956578,-13625982.576927194,4550626.5952462815,4550770.232585218,266.14263858646154,143.6373389363289
247,-13625956.427978804,-13625471.264242081,4550583.117364089,4551072.312773089,485.1637367233634,489.1954089999199
248,-13629297.181557257,-13628749.17796798,4546814.1682517035,4547274.5871521635,548.0035892762244,460.4189004600048
249,-13626025.647035375,-13625634.658990668,4546030.10417431,4546469.423669708,390.98804470710456,439.3194953976199
25,-13635938.491246033,-13635386.868271474,4542796.4570020195,4543144.704850452,551.6229745596647,348.2478484325111
250,-13635269.004696455,-13634827.032922158,4543098.242533856,4543166.002611827,441.97177429683506,67.76007797103375
251,-13627188.055692993,-13626659.332639521,4546212.178785683,4546576.925412357,528.7230534721166,364.7466266741976
252,-13628809.66756433,-13628295.99632096,4543597.08497239,4544057.671416512,513.671243371442,460.58644412178546
253,-13629745.031000666,-13629571.233164756,4540003.883510578,4540171.960788286,173.7978359106928,168.07727770786732
254,-13625616.970323581,-13625031.285086669,4547173.457735043,4547399.658884318,585.6852369122207,226.20114927459508
255,-13626432.51917703,-13626283.751809534,4551017.756660719,4551314.102988821,148.76736749708652,296.3463281020522
256,-13626929.382592237,-13626594.555827828,4552295.198460889,4552561.540953249,334.826764408499,266.34249235969037
257,-13626475.087750308,-13626080.849773664,4543985.138541089,4544758.276798181,394.23797664418817,773.138257091865
258,-13627458.801392525,-13627043.607521739,4552072.024717542,4552496.416533643,415.19387078657746,424.39181610103697
259,-13628507.777111728,-13628034.150614716,4546002.677178428,4546435.873608485,473.6264970116317,433.1964300572872
26,-13632393.164839827,-13631880.66203569,4550807.3227762915,4551184.363260669,512.5028041359037,377.040484377183
260,-13626910.513938546,-13626544.211280826,4548614.8242466515,4548969.070040032,366.30265771970153,354.24579338077456
261,-13632034.72478228,-13631814.783161039,4542763.957826667,4543216.70401258,219.94162124209106,452.74618591275066
262,-13627245.355005909,-13626882.583878307,4548899.707247261,4549243.546312452,362.77112760208547,343.839065191336
263,-13625312.97905812,-13624985.859093051,4550348.63811294,4550565.660678679,327.11996506899595,217.02256573922932
264,-13636465.71148638,-13635906.52028828,4547782.143224524,4548371.469969499,559.1911981012672,589.3267449745908
265,-13629918.610071974,-13629579.287410825,4548332.371560568,4548729.237217426,339.3226611483842,396.8656568583101
266,-13627526.067621656,-13627109.965070201,4548119.242303194,4548491.10412554,416.1025514546782,371.8618223462254
267,-13628377.159361698,-13628194.614149861,4551251.930844279,4551547.635758031,182.54521183669567,295.7049137521535
268,-13633558.202234149,-13633230.967459012,4543172.050282176,4543228.979598734,327.23477513715625,56.92931655794382
269,-13632759.885637872,-13632457.51057415,4548733.166121797,4548854.888293441,302.37506372109056,121.7221716446802
27,-13626734.17273318,-13626640.074367613,4552600.7397943735,4552795.313079225,94.09836556762457,194.57328485138714
270,-13628141.338995611,-13627790.694888351,4549873.930038468,4550379.122735382,350.64410725980997,505.1926969140768
271,-13627822.414387807,-13627283.402686264,4541105.845771499,4541230.606572542,539.0117015428841,124.76080104336143
272,-13633653.591905808,-13633255.980948593,4548527.373765769,4548793.5195989525,397.6109572146088,266.14583318307996
273,-13629376.285187416,-13628721.570734262,4547622.583502136,4548293.121602836,654.7144531533122,670.5381006998941
274,-13634763.75942208,-13633808.548636993,4538974.510831213,4539108.308408263,955.210785087198,133.79757705051452
275,-13632156.210228065,-13631996.595556727,4543547.169984518,4543803.428447865,159.61467133834958,256.2584633473307
276,-13627309.140118634,-13626918.945360802,4543702.726915293,4544100.883691594,390.19475783221424,398.15677630063146
277,-13625232.316955091,-13624803.224845883,4547712.323662096,4548032.265175106,429.09210920892656,319.9415130103007
278,-13634460.079352707,-13633998.767497022,4542207.339929006,4542667.989649655,461.31185568496585,460.64972064923495
279,-13626968.644976638,-13626553.412144031,4547978.623674757,4548392.687585303,415.23283260688186,414.06391054578125
28,-13622519.906242425,-13621767.241769323,4553487.543841229,4553918.134716243,752.6644731014967,430.5908750137314
280,-13625289.345930226,-13624433.889039326,4543772.315470065,4544229.418101447,855.456890899688,457.10263138171285
281,-13627234.886661991,-13626665.098989144,4545812.002979661,4546147.713661425,569.7876728475094,335.7106817634776
282,-13628060.232771408,-13627651.211566387,4545761.170670938,4546170.5538148945,409.02120502106845,409.383143956773
283,-13626228.826772776,-13625984.782796778,4550783.179202275,4550993.908739658,244.0439759977162,210.7295373827219
284,-13624023.548616098,-13623797.634085717,4540747.067284222,4541240.5676149195,225.91453038156033,493.5003306977451
285,-13630354.41615717,-13630078.944945252,4547650.511030226,4548327.194706374,275.4712119176984,676.6836761478335
286,-13625975.396820037,-13625635.137664476,4546779.84959363,4547136.469888203,340.25915556028485,356.6202945727855
287,-13624506.502743173,-13624221.658846958,4549749.360121565,4550000.099852809,284.84389621578157,250.73973124381155
288,-13627184.771768015,-13626654.701748703,4551821.017769953,4552160.661581121,530.0700193122029,339.6438111681491
289,-13626704.917971,-13626457.215591658,4549323.89115648,4549688.450999827,247.70237934216857,364.5598433474079
29,-13631841.555498574,-13631389.064032398,4540292.22402915,4540700.683016175,452.4914661757648,408.45898702554405
290,-13631033.754481683,-13630656.60789934,4539224.123296318,4539981.714208119,377.14658234268427,757.5909118009731
291,-13624640.15292382,-13624477.721422836,4541450.727800332,4541737.095012185,162.4315009843558,286.367211853154
292,-13628592.139562318,-13628196.933106106,4546716.549780331,4547080.074793702,395.2064562123269,363.52501337137073
293,-13631483.600637442,-13630962.777174352,4547258.891570903,4547472.638039785,520.8234630897641,213.74646888207644
294,-13633336.387016792,-13633197.332951292,4542280.451631914,4542527.528760257,139.05406549945474,247.07712834328413
295,-13628060.255035305,-13627673.731499376,4547535.893638315,4547963.479103168,386.52353592962027,427.58546485286206
296,-13625445.293404879,-13625220.580471609,4549316.411622556,4549607.553982393,224.7129332702607,291.14235983695835
297,-13624569.181182466,-13624252.505061029,4546589.697830962,4547100.407689436,316.6761214379221,510.70985847432166
298,-13633350.424404582,-13632836.618162878,4546096.474655535,4546565.126248273,513.806241704151,468.6515927379951
299,-13629729.63551509,-13628936.3282959,4545994.318404494,4546534.563712479,793.307219190523,540.2453079847619
3,-13629462.563863793,-13629049.64040558,4548885.453052462,4549409.099986307,412.9234582129866,523.6469338452443
30,-13634469.908863746,-13634103.623980433,4545046.6382447425,4545312.815277473,366.284883312881,266.1770327305421
31,-13624930.585475298,-13624508.940640021,4547952.845752176,4548336.216606522,421.6448352765292,383.3708543460816
32,-13630064.659232251,-13629666.250197032,4547292.468576725,4547746.374054043,398.4090352188796,453.9054773179814
33,-13626280.568072096,-13625937.370081982,4546880.876611103,4547336.298970976,343.1979901138693,455.4223598726094
34,-13627978.94727923,-13627533.791767498,4549474.145003637,4549744.091834697,445.1555117312819,269.94683105964214
35,-13631485.911989389,-13631244.56716595,4543302.09847002,4543703.404771534,241.3448234386742,401.3063015136868
36,-13626025.613042332,-13625770.707030717,4548948.442092334,4549264.914261805,254.9060116149485,316.4721694709733
37,-13634839.968246989,-13634423.555427779,4546008.837158315,4546074.997254858,416.4128192104399,66.16009654290974
38,-13627734.756844228,-13627283.656871686,4545594.385496033,4546053.227391495,451.0999725423753,458.8418954620138
39,-13628941.584110953,-13628583.665262856,4546394.323127807,4546829.109647822,357.91884809732437,434.786520014517
4,-13629705.690692618,-13629401.96659394,4540331.455526287,4540571.328760217,303.7240986786783,239.8732339302078
40,-13630161.58594097,-13629487.703739231,4549228.601451064,4549791.704505069,673.8822017386556,563.1030540047213
41,-13633220.637010265,-13632973.440949008,4542501.656319224,4542720.371382148,247.19606125727296,218.71506292372942
42,-13631707.293060727,-13631229.91055641,4548557.386603209,4548664.557783412,477.3825043179095,107.17118020262569
43,-13626438.797596311,-13626214.689197447,4550781.840867884,4551007.331509755,224.10839886404574,225.4906418705359
44,-13631374.470047154,-13630804.528381022,4538397.036779358,4538914.016465451,569.9416661318392,516.9796860925853
45,-13628975.590680303,-13628441.55768712,4544299.700043427,4544630.391954961,534.0329931825399,330.69191153440624
46,-13626527.202118423,-13626085.85915075,4548284.33467941,4548750.71525435,441.3429676722735,466.3805749397725
47,-13627657.996489353,-13627299.642350566,4549026.601428609,4549404.278878242,358.35413878783584,377.67744963243604
48,-13625954.209496478,-13625645.292398585,4543345.383541115,4543738.814577117,308.9170978926122,393.43103600200266
49,-13634274.019955797,-13633701.940850034,4542748.706574047,4543421.797619843,572.0791057627648,673.0910457959399
5,-13628202.959496174,-13627933.439871395,4550761.484118608,4551114.274331318,269.5196247790009,352.790212710388
50,-13629457.158797476,-13629265.243995348,4545693.497904752,4545973.400724476,191.91480212844908,279.9028197238222
51,-13632943.896756155,-13632727.591853593,4546088.994137967,4546203.4341484485,216.30490256287158,114.44001048151404
52,-13624490.96810823,-13624032.69359451,4545589.004470028,4546171.08891157,458.2745137196034,582.0844415416941
53,-13627836.859081184,-13627451.315156769,4552063.283291122,4552471.323545168,385.54392441548407,408.04025404620916
54,-13627622.669248948,-13627018.46044877,4542568.9155945815,4542701.578833394,604.2088001780212,132.66323881223798
55,-13633613.772923952,-13632610.027339367,4538578.285446693,4539122.098618705,1003.7455845847726,543.8131720116362
56,-13634094.962554855,-13633799.718371522,4540844.465019481,4541076.76384248,295.2441833335906,232.29882299900055
57,-13630268.254871294,-13629921.138435101,4539294.690740709,4539725.027577141,347.11643619276583,430.3368364321068
58,-13637008.757326804,-13636626.825297734,4541375.1548893675,4542156.225704093,381.93202907033265,781.0708147259429
59,-13632984.963695126,-13632438.940413965,4549041.602341494,4549136.777651118,546.023281160742,95.17530962452292
6,-13624539.063694227,-13623703.432804639,4541583.0753173875,4542177.253502824,835.630889588967,594.1781854368746
60,-13626493.522257984,-13626103.937436057,4545829.23814564,4546655.925959448,389.58482192642987,826.6878138082102
61,-13626452.144803256,-13625938.193846213,4538469.360579598,4538887.007342937,513.9509570430964,417.6467633396387
62,-13629332.191537112,-13629245.666652262,4541791.848851486,4542024.196942619,86.52488484978676,232.34809113293886
63,-13625765.247885317,-13625420.970096141,4549246.7437549485,4549554.9142096285,344.2777891755104,308.1704546799883
64,-13636008.266302861,-13635501.623976652,4548334.900034072,4548724.925686477,506.64232620969415,390.02565240487456
65,-13627754.61067541,-13627502.310615502,4543552.038282542,4544007.312260555,252.30005990713835,455.2739780135453
66,-13637287.993782032,-13636919.27161967,4544547.52639362,4544612.933502342,368.7221623621881,65.40710872132331
67,-13628029.118973732,-13627851.931740237,4546194.6472739875,4546486.321957634,177.1872334945947,291.67468364629894
68,-13625211.233043538,-13624836.186547106,4550093.283601427,4550442.35487859,375.0464964322746,349.07127716299146
69,-13627052.947227018,-13626454.827602986,4547481.904823645,4547916.787081129,598.1196240317076,434.8822574838996
7,-13634393.643880602,-13634054.04151004,4548156.768557633,4548700.798202123,339.60237056203187,544.0296444892883
70,-13626889.875304956,-13626495.937890936,4544192.458444506,4544981.799068571,393.9374140202999,789.3406240651384
71,-13629271.177324207,-13628990.418436479,4551616.4596088715,4551888.180900056,280.7588877286762,271.72129118442535
72,-13633413.275389085,-13632678.956368065,4547454.808658177,4547998.002941591,734.3190210200846,543.1942834137008
73,-13625865.902968893,-13625409.729785325,4540377.118073022,4540792.826560028,456.173183567822,415.7084870059043
74,-13633929.535170458,-13633871.34746382,4551880.908188475,4552307.506704597,58.187706638127565,426.5985161215067
75,-13626076.508313524,-13625828.56641168,4550200.1888570115,4550579.585300241,247.94190184399486,379.39644322916865
76,-13625928.531314414,-13625626.966813855,4549766.4891154785,4550064.123971361,301.56450055912137,297.6348558822647
77,-13628129.459443733,-13627822.009061113,4554967.710475776,4555053.231915647,307.4503826200962,85.52143987081945
78,-13630008.414441537,-13629738.774845285,4543249.392015987,4543611.880974248,269.63959625177085,362.4889582609758
79,-13629030.493453164,-13628727.581986764,4547224.09977687,4547322.145497782,302.9114663992077,98.04572091251612
8,-13633902.290780189,-13633463.97028519,4541442.161155753,4542107.406821663,438.32049499824643,665.2456659097224
80,-13628498.107988443,-13627801.47518752,4550382.193742039,4550754.0317269275,696.6328009236604,371.8379848888144
81,-13628200.36026678,-13627481.482738774,4540566.698439608,4540601.278117653,718.8775280062109,34.57967804465443
82,-13625405.964228783,-13624884.220907383,4545594.46878273,4546272.551940991,521.7433214001358,678.0831582602113
83,-13628863.169126552,-13628464.133279853,4548892.946361918,4549604.779013147,399.0358466990292,711.832651228644
84,-13637232.513406716,-13637117.990121515,4542980.057431184,4543029.742428798,114.52328520081937,49.684997614473104
85,-13628196.387640597,-13627824.063177781,4547874.553638623,4548375.300945421,372.3244628161192,500.74730679765344
86,-13631085.005975245,-13630768.457871225,4546777.883938598,4547004.573698622,316.5481040198356,226.689760023728
87,-13628121.224720415,-13627772.238116777,4544696.851878794,4545208.043886916,348.98660363815725,511.19200812187046
88,-13625461.802085362,-13625124.626479698,4550789.081963385,4551538.576685261,337.1756056640297,749.494721875526
89,-13624408.619514918,-13623932.717559827,4543696.532935093,4544385.905885336,475.90195509046316,689.3729502428323
9,-13625141.112896286,-13624699.60866385,4546514.373176127,4546807.732614554,441.50423243641853,293.35943842772394
90,-13630377.12533329,-13629831.53737696,4551016.587352727,4551285.108998919,545.5879563298076,268.52164619229734
91,-13629842.70117881,-13629343.913479492,4550677.30416446,4551282.995737506,498.7876993175596,605.6915730461478
92,-13630080.23467732,-13629468.201690963,4544303.642153574,4544951.689024859,612.0329863578081,648.0468712849542
93,-13631336.53236469,-13630728.206320353,4541008.20665045,4541612.437638585,608.326044337824,604.2309881355613
94,-13636427.160698451,-13636201.561466677,4544333.352984293,4544869.721511797,225.5992317739874,536.3685275036842
95,-13628024.421291223,-13627561.36408751,4546565.096505019,4547046.980452054,463.05720371194184,481.88394703529775
96,-13627692.589021116,-13627297.27124541,4548802.992059277,4549069.420570574,395.31777570582926,266.42851129639894
97,-13623030.303209862,-13622762.713051073,4541561.176984118,4541833.963600151,267.5901587884873,272.78661603294313
98,-13627368.693830702,-13627070.59136631,4545176.799992499,4545634.865426634,298.10246439278126,458.0654341354966
99,-13635736.724668974,-13635446.2030619,4541704.805864926,4541956.844036771,290.52160707488656,252.03817184455693
